HR,RD,PS,YEAR,FIPSNO
4.0355125101,0.0022383461,-0.613465906,1,877
0.0,0.4823902085,-0.86659678,1,878
0.0,0.0900284901,-0.866532285,1,879
5.6344376831,0.8621215424,-0.866136345,1,883
0.0,-0.313785898,-0.558142565,1,884
2.967315025,-0.054275529,-0.060914326,1,887
0.0,0.6292961938,-0.960060995,1,888
0.0,0.4771650049,-0.571117677,1,890
0.0,0.5731237707,-1.062502701,1,892
0.0,0.0198242592,-0.619483748,1,923
0.0,0.5311884766,-0.762066758,1,924
0.0,-0.106883312,0.0804694009,1,929
5.8561724057,0.1638866274,-0.890611411,1,943
0.0,-0.086454584,-0.739189842,1,951
2.8203175678,0.0849227183,-0.300587495,1,954
0.0,-0.228851534,-0.405016393,1,956
0.0,0.2027022729,-0.634659623,1,975
0.0,-0.49127866,-0.295532998,1,979
0.0,-0.138328309,-0.644424548,1,989
2.1600138241,-0.078440635,-0.305349995,1,990
4.4077134986,0.0983910443,-0.237759936,1,992
0.0,-0.560781981,-0.886088655,1,998
0.0,-0.144737307,-0.836466654,1,999
0.0,-0.37146828,-1.326735845,1,1000
0.0,-0.677344044,-1.333970367,1,1001
0.0,-0.113667284,-1.173521473,1,1002
0.0,-0.301866078,-0.708253211,1,1003
3.6601881337,-0.083306843,-0.454087778,1,1004
4.9331557397,-0.107183919,-0.948559662,1,1006
0.0,-0.410869338,-1.029974878,1,1007
0.0,-0.057491291,-0.717443466,1,1008
0.0,0.1733692502,-0.461172824,1,1010
2.5369764315,-0.113811807,-0.456838583,1,1011
2.8526601055,0.0156463123,-0.402303606,1,1012
0.0,-0.287564267,-0.173172276,1,1015
0.0,0.1608309178,-0.64232801,1,1017
3.5560613065,-0.305573168,0.3332294187,1,1019
3.451648162,-0.551536509,1.1879920893,1,1042
3.9915379396,0.104317047,-0.551645616,1,1052
5.3495961055,-0.568181899,-0.250116865,1,1056
3.0073379045,0.216156679,-0.529462018,1,1073
0.0,-0.364332193,-0.640098872,1,1078
3.493327744,-0.059013178,-0.599865441,1,1079
2.4753700678,-0.566078676,-0.367207609,1,1082
1.7392816767,-0.325717141,0.060261893,1,1083
12.892412815,-0.428961994,-0.534300482,1,1084
2.6528717337,-0.392124229,-0.411455745,1,1093
0.0,0.0233574174,0.1420258836,1,1095
1.9691241336,-0.028301479,-0.185061613,1,1098
4.2778918549,-0.579319292,-0.899063421,1,1104
0.0,-0.914500927,-0.931658948,1,1105
0.0,0.0726985014,-1.359628678,1,1106
0.0,-0.323502727,-0.556343409,1,1107
1.7609354089,-0.475310006,0.7466324293,1,1111
0.0,-0.411193332,-0.856985013,1,1113
0.0,-0.248064198,-0.983959843,1,1115
2.8356727634,-0.413877866,-0.514058572,1,1116
0.0,-0.620227205,-1.20629045,1,1117
0.0,-0.500691876,-0.749805798,1,1118
4.156146421,-1.382237018,0.4383140383,1,1122
0.0,-0.829384872,-0.099475867,1,1125
2.1557183123,-1.659172486,1.4405133547,1,1137
0.0,-0.793014346,-0.345367401,1,1142
5.6242969629,-0.789120753,0.782527483,1,1143
4.0262511575,-0.107904503,0.061301505,1,1145
1.3143022369,-0.417966686,0.1063175691,1,1159
0.0,0.0812858565,-0.410147774,1,1160
0.0,-0.314311643,-0.943923616,1,1170
6.2595458074,-0.741613055,0.1719781337,1,1174
4.9422375981,-0.733420979,0.9612069069,1,1183
18.292676713,-0.56378658,2.536843171,1,1186
5.5429299928,-0.465048488,-0.10997754,1,1188
13.043529816,-0.191810507,0.3851661011,1,1190
4.9359824537,-0.825782079,1.5132915829,1,1191
0.0,-0.400125945,-1.164741165,1,1193
0.0,-0.377992967,-0.949075253,1,1195
15.699287288,-0.415544704,2.0726449474,1,1199
6.0606060606,-0.059582648,-0.421043086,1,1208
0.0,-0.514831548,-1.428914335,1,1211
0.0,-0.561255663,-1.260320555,1,1212
6.7394527564,-0.644849923,0.000956363,1,1213
0.0,-0.07740014,-1.404138127,1,1214
0.0,-0.854759828,-1.773611779,1,1216
3.5355678122,-0.5650813,-0.694354178,1,1217
0.0,-0.724787949,-0.138131553,1,1218
6.4124761135,-0.603987979,0.0622229542,1,1231
3.4523234137,-0.815518659,0.8396028422,1,1232
2.2626482035,-0.102695766,-0.225903518,1,1234
1.5146489271,-1.71008056,1.815545688,1,1238
0.0,-0.743370016,-0.438746253,1,1249
3.5860031127,-1.690207331,1.1347435182,1,1252
1.4308608059,-0.048473483,0.5395076047,1,1253
3.9058304284,-0.235404386,0.3306265038,1,1258
1.9509149791,-0.287705157,0.2666205301,1,1259
0.0,-0.31350226,-0.358319268,1,1265
4.1330810052,-1.502652038,2.8744675064,1,1272
0.0,-0.271604189,-0.902848614,1,1275
2.4965048931,-0.550045262,-0.371582192,1,1276
0.0,-0.183361999,-0.945574442,1,1277
0.844994254,-0.950006264,0.42761958,1,1286
35.463500451,0.9470213584,3.2571651736,1,1292
0.0,-0.707889261,-0.044301135,1,1302
5.0474459923,-0.752987094,0.7414709068,1,1303
1.0393605854,-0.502792574,0.2141089935,1,1305
1.6660835374,-0.452834644,-0.007668428,1,1306
2.8063085817,-0.361650008,-0.355275537,1,1309
0.0,-0.52344182,-0.464327941,1,1310
1.8139931431,-0.878426153,0.5769559415,1,1313
0.0,-0.881458313,-1.016270622,1,1317
0.0,0.2560285395,-0.518990877,1,1318
0.0,-0.460692204,-1.41094156,1,1319
0.0,-0.196301828,-1.548663967,1,1320
0.0,-0.139124478,-1.264011631,1,1321
0.0,-0.649198096,-1.868118225,1,1322
0.0,-0.189855745,-1.083246445,1,1324
1.0870864995,-0.861479974,0.1609687571,1,1325
0.0,-0.952969878,0.0038512202,1,1337
0.0,-0.686757743,-0.436099463,1,1340
0.0,-0.119490973,-0.146608263,1,1348
0.0,0.3364029622,-0.61928244,1,1352
9.7809076682,-0.116653224,-1.403572519,1,1359
5.4112554113,-0.841257973,-0.438920583,1,1360
4.4339718253,-1.430130834,1.1622679775,1,1369
0.0,0.1442740607,-0.320982724,1,1375
0.0,0.0450794482,-0.759981247,1,1382
2.2183770354,-0.143548121,-0.230679592,1,1383
0.0,-0.172887891,-0.71793577,1,1390
3.9211073207,-0.113902089,-0.635750506,1,1391
0.0,-0.524853503,-0.726067271,1,1399
4.8654697611,0.0725070528,-0.762894324,1,1406
0.0,0.2964704977,-0.34071889,1,1413
0.0,-0.477231395,-1.643797336,1,1420
0.0,-1.008921073,-1.518626615,1,1421
8.7585614939,-0.819180191,-0.31311127,1,1424
5.6088395311,-0.927266001,-1.004345354,1,1425
0.0,0.7298799148,-1.6196787,1,1426
4.3476370593,0.818478749,-0.773959187,1,1432
0.0,-0.039401563,-0.318526468,1,1434
8.8382164479,0.3141090337,-0.305868028,1,1436
3.671611103,-1.018590038,0.24058565,1,1443
4.9370525796,-0.71314541,0.5494806676,1,1444
0.0,0.0034951059,-0.805461353,1,1445
1.1273830058,-0.158742739,0.2261333473,1,1448
5.1812129219,-0.637379717,-0.283599846,1,1457
1.7245244624,-0.944423452,0.1730164845,1,1464
7.2316384181,-0.230182992,0.5180773171,1,1465
0.0,-1.018400256,-1.111600137,1,1467
7.4388157405,0.8464388681,-0.965012793,1,1468
6.9936183233,0.1258869657,-0.166372543,1,1471
13.920790701,0.0960453801,-1.007547308,1,1474
13.295220368,-0.268224223,-0.172891097,1,1475
2.1908204623,0.0347962448,-0.242316461,1,1476
0.0,-0.514466814,0.7357378416,1,1480
0.0,-0.452027245,-1.236393734,1,1487
5.9031006036,-0.899859076,-0.129155004,1,1506
4.4673323942,-0.716753177,1.9098715787,1,1507
0.0,-0.166931942,-0.182272918,1,1510
3.3154300113,0.8453495746,-0.488883561,1,1513
0.0,0.3621353565,-0.510125812,1,1516
1.6713464367,0.2430200967,-0.105331347,1,1518
2.1623959347,0.4363979553,-0.231697329,1,1527
3.3147706179,-1.003283635,-0.589745736,1,1528
5.8188589218,0.3945255828,-0.506048931,1,1536
13.992374156,0.2538573637,-0.538538082,1,1543
0.0,-0.099917477,-1.65155034,1,1546
0.0,-0.969017353,-1.253473945,1,1547
5.5919029246,-1.243158738,-0.892765301,1,1548
0.0,-0.891081472,-1.246169241,1,1550
0.0,-0.020580905,-0.424063506,1,1551
1.7719186335,-0.372342335,-0.058540706,1,1552
0.0,-0.269623278,-0.736656527,1,1554
0.8806693087,0.0134397467,0.4483697961,1,1563
0.0,-0.068851962,-0.495205618,1,1566
3.8575782124,0.1672618739,-0.573778999,1,1567
3.6390101892,0.5367922424,-0.30955696,1,1580
0.0,0.8441117451,-0.993509634,1,1583
0.0,0.2395782236,-1.253337066,1,1584
3.7792894936,0.7593243674,-0.633001515,1,1585
2.7017899358,-0.455045257,0.6565946632,1,1586
0.0,0.4641911474,-0.749512134,1,1589
0.0,0.1669449945,-0.199405136,1,1607
9.7558596132,0.711943186,-0.343542176,1,1608
1.4152478807,-0.69801095,-0.12601241,1,1612
1.9041090674,-0.595879297,0.1791377114,1,1613
0.0,-0.540182731,-1.212958286,1,1615
0.0,-1.192596294,-1.60202412,1,1616
0.0,-0.885232353,-1.003384874,1,1618
1.3077964284,-0.495006202,1.4320435569,1,1625
4.6322030758,0.8783989476,-0.939433015,1,1626
0.0,-0.728102048,-1.231694621,1,1632
18.642803878,-0.87781194,-1.348014807,1,1633
10.58604336,-0.872024015,-0.220836202,1,1634
0.0,-0.514311632,-0.800645507,1,1635
3.337588759,-0.073457431,0.4718014842,1,1636
3.879728419,-0.215149853,0.1368340344,1,1637
0.0,-0.196211746,-1.58483621,1,1638
2.0871946434,-0.179764524,0.9727439338,1,1641
1.54686219,0.1331401814,0.0417018071,1,1648
0.0,0.9342285202,-0.725503705,1,1656
0.0,0.5595224298,-1.117581563,1,1659
4.067520846,-0.099470676,0.1203220813,1,1663
9.022556391,0.1556923003,0.4692544801,1,1667
2.5868870694,0.5578494078,0.0607683784,1,1687
25.78648788,0.8551876665,-1.168316825,1,1692
0.0,-0.023285513,-0.207215853,1,1693
12.014176729,1.7078730711,-0.033682507,1,1694
10.789814415,1.1151767904,-0.684034814,1,1698
6.0640975107,-0.098281166,0.3306214697,1,1700
4.2515199184,0.6375062908,-0.043088373,1,1701
4.5283702396,0.3674497198,-0.325525786,1,1709
10.232272588,0.4595243043,-0.509685441,1,1710
4.4742729306,-0.037106066,0.3567302274,1,1711
6.7226890756,-0.318536691,-0.169419855,1,1712
0.6831861067,-0.559582723,0.4817474112,1,1713
2.363954423,-0.894889649,0.6435989074,1,1714
4.6142488003,-0.177635889,-0.890135223,1,1718
0.0,-0.30944534,-0.950169406,1,1719
0.0,-0.492881896,-1.546590207,1,1720
0.0,-0.240951106,-0.655593797,1,1721
5.3061657646,-0.772079274,-1.231833157,1,1724
0.0,-0.657655295,-0.576552698,1,1725
0.0,-0.213804116,-1.198385306,1,1727
0.0,0.5390230951,-0.439514866,1,1730
1.7009406202,0.1671887852,-0.123743709,1,1741
3.9766570233,1.1495808419,0.3003676944,1,1743
0.0,1.4729660768,-0.680663279,1,1751
15.656134358,1.8446579276,0.0541264255,1,1753
6.8006392601,1.4302711427,-0.564902278,1,1757
2.5595740869,0.1225278629,-0.34382416,1,1758
0.0,-0.673794987,-0.448937399,1,1759
0.0,1.0433910838,-0.942925833,1,1761
2.6975263683,0.4782026174,-0.339370909,1,1763
1.8761374083,1.1020117929,-0.161944738,1,1769
9.8788848715,1.3152822383,0.3959435964,1,1775
0.0,0.0826765893,-0.596980789,1,1781
5.8633831721,-0.482568554,0.1933460983,1,1783
12.997985312,-0.177493813,-1.259862873,1,1787
3.5496867401,-0.412307364,0.5530259087,1,1788
2.9399658964,0.0695978975,-0.415133133,1,1795
1.4304923755,0.3676880745,0.0658614481,1,1810
0.0,-0.163412853,-0.894109227,1,1812
0.0,0.9201549292,-0.088189615,1,1822
4.3518941619,0.3954854366,-0.179851544,1,1825
0.0,1.2780136003,-0.725760873,1,1826
12.146240738,0.9798504591,-0.661540316,1,1827
0.0,0.9092202563,-0.382200525,1,1828
3.3018992525,-0.154432707,0.5430275311,1,1829
14.285714286,0.9267801498,-0.782298631,1,1830
2.7098067908,0.0603764596,-0.39153722,1,1831
0.0,0.4757421137,-0.047866055,1,1832
8.0003600162,-0.566614474,2.1926922282,1,1838
11.375270163,2.1742334653,0.2470472818,1,1840
10.57865228,0.957558456,-0.678794501,1,1855
1.345985598,0.5412851474,0.1477497207,1,1859
0.0,1.1022008534,-0.164504795,1,1861
0.0,0.4673463718,-0.737699241,1,1863
3.2902962583,-0.032692347,0.6130012132,1,1866
3.8774718883,-0.13781425,0.8173100922,1,1871
8.6303616122,1.0412500249,0.0108814596,1,1882
12.445459604,-0.182485444,0.4359234433,1,1883
0.0,1.7413187593,-0.208135226,1,1885
10.370485598,-0.579063679,-0.480526843,1,1886
3.3935691864,0.385189434,-0.108160125,1,1887
6.0160327272,-0.158535275,0.0755495281,1,1888
5.6525917133,0.1177862612,-0.548572429,1,1889
0.0,-0.086708742,-1.122370583,1,1890
5.7038558065,1.4643818352,-1.027708809,1,1895
4.3116457552,1.1093836818,-0.751831485,1,1896
4.8747197036,1.4953348006,-0.812789302,1,1898
7.4872716382,-0.07162006,-1.335424388,1,1917
5.3711462026,1.3582672259,0.6746746606,1,1921
3.8411308289,0.2845692904,0.622892713,1,1924
3.4219621531,0.2201700702,-0.199851707,1,1931
4.4008273555,0.5338082459,-0.00178769,1,1932
1.6298324532,0.9216381266,-0.020038868,1,1935
9.5170915768,0.7890937094,0.6773130479,1,1939
4.7136904425,0.7683900694,0.3463502861,1,1940
5.8827854989,0.0499053173,-0.091169636,1,1955
4.0281973817,1.019834004,-0.71890503,1,1960
5.8991829632,0.4215138752,-0.446823526,1,1963
4.8911714356,0.6361026008,-0.340174202,1,1964
6.4908932767,0.1944347723,0.1647256789,1,1966
4.6608638911,0.2191120782,0.1418275738,1,1970
4.1350080116,-0.719120568,0.196777893,1,1971
10.23275733,-0.447072126,2.3299129669,1,1972
9.6627693497,0.8739849324,-0.477960509,1,1974
0.0,0.9578872193,0.1169913968,1,1976
3.1202221598,1.5285406858,-0.500782728,1,1983
8.5579803166,0.738071726,0.0443867302,1,1984
10.690613641,1.0195208951,-0.371765493,1,1998
5.7608332469,0.4820853236,0.0017746462,1,2000
0.8491919938,0.4510455956,0.2918994209,1,2003
2.1158647539,0.4037322529,-0.332503489,1,2008
0.0,0.111604369,-0.558886228,1,2014
4.6367134975,0.1281696994,0.4505888747,1,2015
13.920790701,0.5524914644,-0.56223162,1,2016
0.0,0.6383889234,-0.126359738,1,2018
3.9770919504,0.7054489659,0.1309999948,1,2022
5.0481466991,-0.125115157,1.032295549,1,2023
8.4247417817,1.029716386,-0.042336198,1,2024
5.764020981,2.0467270189,-0.41773716,1,2025
11.779542399,1.8115274476,0.6188439518,1,2026
5.9562808982,0.6172484136,-0.208594924,1,2029
5.1861302134,0.9287457617,0.0114540673,1,2035
2.4438226274,-0.766923604,1.0560059235,1,2038
4.5422543208,0.2714968354,0.0616367978,1,2040
2.1111744463,-0.035705477,0.2924765039,1,2041
0.0,-0.161332289,-0.259180933,1,2044
7.9955225074,0.2515441046,0.2007133988,1,2048
2.3460960961,0.0670548436,-0.41621939,1,2050
7.5597218022,0.9610683491,-0.422144287,1,2051
10.822862214,2.0077321049,0.2772542493,1,2074
5.3197148633,0.5090984702,-0.541468869,1,2075
8.3552659063,0.6634514241,-0.712861953,1,2076
5.9164595906,0.8143349816,-0.922385108,1,2077
12.184720361,0.4375204442,-0.807742354,1,2078
3.2523498227,1.0000298084,-0.543438312,1,2079
8.8892275261,0.7054130871,0.0852772798,1,2081
0.0,1.0396428762,-0.708042919,1,2082
6.4901349948,0.8764952439,-0.986679264,1,2088
18.106543078,0.1077296222,1.8540959311,1,2089
2.1289731962,2.3773064143,-0.204325645,1,2092
4.7846317628,0.3653073072,0.1650958428,1,2111
5.295488244,2.901472315,-0.06735252,1,2114
1.3400873737,0.1780106429,0.0384047329,1,2120
3.6927280952,-0.765565254,0.3505932851,1,2121
2.1576170045,0.0111136855,1.0222118038,1,2123
7.5507518391,0.1571586881,0.1992715755,1,2124
12.931591879,0.5271041232,0.6793208631,1,2136
12.066365008,1.1264080367,-0.921377857,1,2138
11.45278589,0.92077064,-1.011147037,1,2140
7.5204933444,0.3399386568,-0.438960986,1,2147
14.207068016,1.5513040342,-0.860740066,1,2150
0.0,1.1317915311,-0.627231998,1,2151
4.6422669118,-0.261131349,0.2778307676,1,2152
10.820889311,2.5646869023,0.4443907015,1,2155
6.2486331115,0.3610973262,-0.366462822,1,2156
7.7513371057,0.5954355262,-0.476921357,1,2157
9.9941462857,0.7669406726,-0.08100978,1,2171
4.235493435,1.2389841491,-0.725555649,1,2184
8.0323435701,0.492454609,0.3302611465,1,2185
10.623928122,-0.099159989,0.0364970291,1,2186
13.965505202,1.3048920485,-0.120320912,1,2187
0.0,0.28351147,-0.836014172,1,2188
3.432533553,-0.30178607,-0.567658579,1,2190
15.23514866,1.0582347229,0.9198651606,1,2191
11.683607898,0.3121305843,-0.415038109,1,2205
0.0,0.5667053131,-0.630759182,1,2206
4.6431722153,0.8715289328,-0.092313602,1,2208
9.3567251462,0.8930441242,-0.864937834,1,2223
8.8715400994,0.0240660093,-0.395607865,1,2230
13.017443374,0.635159613,-0.559669856,1,2235
10.325511758,2.2544653995,-0.320856694,1,2236
7.8271759549,0.6632204786,0.0290150623,1,2241
15.410695022,1.7858273847,-0.310932552,1,2242
13.304064392,1.0970549662,-0.565327978,1,2244
10.660412558,2.1484311917,-0.135280623,1,2247
0.0,0.656563475,-0.898381403,1,2257
5.0466818067,1.0601801296,-0.834403401,1,2258
15.537600994,1.461941782,-0.109670462,1,2264
19.780437148,1.5812311779,-0.530087779,1,2276
8.9333571556,0.603133238,-0.377090399,1,2281
14.025548075,1.0668995263,0.2307868095,1,2302
23.92487589,0.9869437386,-0.974123053,1,2307
10.996019441,1.3663640158,-0.332332129,1,2309
7.825950853,1.1607623299,-0.37655907,1,2318
19.969047976,0.5328038079,0.3427230692,1,2331
7.3405270498,3.1047471457,-0.114373694,1,2334
26.618752911,1.825132947,-0.482786698,1,2349
16.697492807,1.1338886951,0.0887598502,1,2356
13.346145633,0.8406727759,-0.00190375,1,2365
22.746617358,0.5933986497,0.3962676703,1,2374
0.0,-0.038626535,-0.685017382,2,877
6.1557402278,0.6689975961,-0.963866552,2,878
0.0,0.1526613548,-0.909148571,2,879
0.0,0.5362828194,-0.934881393,2,883
0.0,-0.284822755,-0.697433043,2,884
3.0308540947,-0.126275322,-0.173818387,2,887
0.0,0.3813360894,-1.080681615,2,888
0.0,0.802627145,-0.692304646,2,890
0.0,0.4830170188,-1.2263932,2,892
0.0,-0.023602997,-0.729413183,2,923
8.967805578,0.5889016483,-0.864278546,2,924
1.3403029085,-0.151719461,0.058373861,2,929
0.0,0.3885309408,-0.999204682,2,943
4.8435532307,-0.302318654,-0.803114255,2,951
2.7873010564,-0.058939336,-0.387711571,2,954
12.231293765,-0.727408587,-0.504672821,2,956
11.229646266,-0.006945918,-0.687870162,2,975
0.0,-0.893925584,-0.272895156,2,979
0.0,-0.008595603,-0.650141571,2,989
2.0433601014,-0.278396613,-0.359815216,2,990
2.1512315801,-0.034049786,-0.314423576,2,992
0.0,0.031467195,-1.037305521,2,998
0.0,-0.733993781,-0.968571469,2,999
0.0,-0.312144254,-1.458779657,2,1000
0.0,-0.16262035,-1.52324438,2,1001
7.3926221631,-0.757461883,-1.331482845,2,1002
4.403928304,-0.294783525,-0.883507585,2,1003
3.5966048051,-0.381285608,-0.53306685,2,1004
0.0,-0.117299719,-1.131657125,2,1006
0.0,0.039506684,-1.228091272,2,1007
0.0,-0.053066549,-0.86921879,2,1008
2.9732703,-0.066575113,-0.598255567,2,1010
2.6068142124,-0.108861285,-0.568600791,2,1011
0.0,-0.234894603,-0.476135898,2,1012
6.3536438147,-0.022683717,-0.255631783,2,1015
0.0,-0.069706121,-0.740289907,2,1017
1.1639546523,-0.462772343,0.2457112691,2,1019
5.3097882153,-0.460133129,1.0825099994,2,1042
0.0,-0.174160417,-0.616923162,2,1052
2.0943285583,-0.935479103,-0.169197721,2,1056
0.0,0.1982596967,-0.664136601,2,1073
0.0,-0.880254247,-0.633131823,2,1078
3.4307671195,-0.093409764,-0.679060331,2,1079
2.6679472814,-0.388183849,-0.519163377,2,1082
9.0594480984,-0.367722313,-0.070027434,2,1083
5.7254093668,-1.106877113,-0.541461269,2,1084
2.7477811667,0.0131517572,-0.53022089,2,1093
1.3092432574,-0.395007883,0.1324149961,2,1095
7.5895567699,0.1354107175,-0.250633128,2,1098
0.0,-0.64682417,-0.992611788,2,1104
0.0,-0.795460758,-0.936048864,2,1105
0.0,-0.229961443,-1.507234521,2,1106
3.4006665306,-0.592704719,-0.653212418,2,1107
3.6742513713,-0.113981854,0.7242690624,2,1111
0.0,-0.737290526,-1.009557379,2,1113
0.0,-0.276729721,-1.124599253,2,1115
2.2549948135,-0.823632674,-0.444037137,2,1116
8.3437630371,-0.08086177,-1.421133474,2,1117
0.0,-0.713064642,-0.832200135,2,1118
2.8772217547,-1.567286384,0.6083107212,2,1122
4.677706053,-0.885665708,-0.052303245,2,1125
1.9537737139,-1.557881337,1.4068399595,2,1137
8.7678919796,-1.135208126,-0.279924443,2,1142
8.514416732,-1.024883079,0.6992086786,2,1143
8.0260042538,-0.321736342,-0.034456538,2,1145
5.0394335677,-0.709742977,0.0351658205,2,1159
0.0,-0.015614734,-0.536988198,2,1160
0.0,-0.311796007,-1.056670111,2,1170
3.3416875522,-0.903082798,0.156714483,2,1174
3.6529316437,-0.687829622,1.0083713531,2,1183
20.447102921,-0.230033268,2.3798769619,2,1186
4.5059252918,-0.861568528,-0.057725861,2,1188
13.399437224,0.7223303809,0.3255084619,2,1190
8.1764741322,-0.854499179,1.3973895411,2,1191
0.0,-0.646526494,-1.321261429,2,1193
0.0,-1.071247674,-0.988343272,2,1195
21.276389977,0.2360065844,1.9041046624,2,1199
0.0,-0.409419629,-0.483360901,2,1208
0.0,-0.556322684,-1.580304472,2,1211
8.0032012805,-0.561502311,-1.38785268,2,1212
5.108948323,-0.946172938,-0.059039397,2,1213
0.0,0.2494671357,-1.529859568,2,1214
0.0,0.219377498,-1.912879701,2,1216
3.7588332582,-0.162705196,-0.83122172,2,1217
1.6522098306,-0.485060812,-0.227755734,2,1218
7.2346934557,-1.054160668,0.1166736942,2,1231
1.478415139,-0.544683238,0.8532327333,2,1232
2.2764005554,-0.411929727,-0.326028782,2,1234
3.8233513031,-1.570977401,1.847087158,2,1238
6.711409396,-0.960476098,-0.221967291,2,1249
3.9322632951,-1.834705017,1.3395108801,2,1252
2.726374263,-0.787314323,0.4701442147,2,1253
5.4978283578,-0.249526831,0.2716591232,2,1258
3.4136391954,-0.464233367,0.2591840952,2,1259
0.0,-0.362318072,-0.365225222,2,1265
7.6325740462,-1.124522098,2.7593499104,2,1272
0.0,-0.019455065,-0.991079915,2,1275
8.7037883239,-1.003479961,-0.360506969,2,1276
5.0200803213,-0.586802969,-0.977860215,2,1277
5.2257866442,-1.142991252,0.5101874538,2,1286
55.250854328,1.9866579343,2.8983278233,2,1292
3.0838498782,-1.067034311,-0.056373322,2,1302
5.2944602298,-1.079268548,0.7781781537,2,1303
0.0,-1.042913817,0.1775044546,2,1305
6.0435741698,-0.732204919,-0.03449584,2,1306
0.0,-0.611028995,-0.374638003,2,1309
2.7745408135,-0.709024371,-0.491655689,2,1310
3.7435832643,-0.944761347,0.6623357332,2,1313
0.0,-0.557994044,-1.078560021,2,1317
4.8284686512,0.3979968925,-0.384220094,2,1318
10.961306588,-0.482857332,-1.545608435,2,1319
0.0,-0.562389641,-1.695529552,2,1320
0.0,-0.54822448,-1.393958488,2,1321
0.0,-0.752648791,-1.934847113,2,1322
0.0,-0.602080929,-1.258234921,2,1324
2.1270033713,-0.915107985,0.075811167,2,1325
1.2412337864,-1.112827137,-0.038203504,2,1337
7.3953557166,-0.620019339,-0.552082687,2,1340
6.7778229633,-0.088146348,-0.194681706,2,1348
8.20815891,0.3724956255,-0.54279489,2,1352
0.0,-0.512332275,-1.510068367,2,1359
2.8011204482,-0.79393991,-0.559273673,2,1360
4.3324691198,-1.503414117,1.2939182251,2,1369
8.4000084,-0.191004632,-0.40089467,2,1375
0.0,-0.583417054,-0.677218907,2,1382
8.9934527664,-0.361383802,-0.169834427,2,1383
0.0,-0.167816414,-0.763369316,2,1390
3.8099592334,-0.349880542,-0.709689971,2,1391
0.0,-0.730561518,-0.853610457,2,1399
0.0,-0.198624796,-0.783877682,2,1406
3.3305024063,-0.050073181,-0.139724129,2,1413
0.0,-0.924969057,-1.791895825,2,1420
0.0,-0.916244711,-1.519307468,2,1421
5.5963623645,-0.947465524,-0.246711077,2,1424
0.0,-0.474171763,-1.120409025,2,1425
0.0,-0.698766233,-1.817637106,2,1426
7.7321580453,0.7763799108,-0.77957667,2,1432
7.2859744991,-0.085147636,-0.25371129,2,1434
11.121614858,0.3981864159,-0.274539799,2,1436
6.5507189414,-1.14760681,0.2231214552,2,1443
2.564773351,-0.828213493,0.4930311936,2,1444
3.8034383082,-0.286931018,-0.927570711,2,1445
5.9465406,-0.161307716,0.2207948912,2,1448
2.1958717611,-1.135732003,-0.261171523,2,1457
4.4660801215,-1.326146116,0.1776358675,2,1464
4.6948356808,-0.36748897,0.5245158211,2,1465
7.8045734801,-0.574599016,-1.250175313,2,1467
0.0,0.8311277114,-0.798207981,2,1468
11.780941802,-0.263363222,-0.235268835,2,1471
0.0,-0.355727514,-1.124308873,2,1474
0.0,-0.34057117,-0.239758741,2,1475
4.174755255,-0.241878175,-0.302288601,2,1476
3.1737719486,-0.125964798,0.4491549977,2,1480
6.4876086674,-0.808116415,-1.226892254,2,1487
4.1126876414,-0.922439508,-0.175967404,2,1506
10.731243287,-0.669737723,1.8226859909,2,1507
1.9860184303,-0.48692142,-0.167796664,2,1510
2.7557319224,0.6680781596,-0.450585525,2,1513
0.0,0.2842970582,-0.41577864,2,1516
6.8522249174,0.3217134067,-0.057532453,2,1518
1.7709772252,0.1103393749,-0.181842271,2,1527
9.7323600973,-0.76225911,-0.669085861,2,1528
6.8884755804,0.3340365472,-0.426839909,2,1536
6.014675809,-0.272922297,-0.519627959,2,1543
0.0,-0.078901192,-1.718386752,2,1546
8.7397308163,-0.672522387,-1.309282569,2,1547
0.0,-1.106210167,-0.869309565,2,1548
8.2385895535,-0.555511872,-1.340231226,2,1550
0.0,-0.30057942,-0.467657612,2,1551
1.7574383578,-0.624902379,-0.143627488,2,1552
0.0,-0.830135169,-0.822245841,2,1554
9.6704997011,-0.222953562,0.3488237099,2,1563
0.0,-0.394815783,-0.531616768,2,1566
0.0,0.6309913062,-0.509088048,2,1567
4.7460844803,0.5203875429,-0.303613312,2,1580
0.0,0.3975100686,-0.955617341,2,1583
8.5077420453,-0.054692192,-1.328597926,2,1584
3.2359317866,0.5523755325,-0.611472973,2,1585
2.8326846485,-0.520502061,0.6779544859,2,1586
4.5148765181,-0.049064798,-0.775756102,2,1589
1.6328663336,0.0400770749,-0.100156348,2,1607
6.1774153694,0.8319315121,-0.314412499,2,1608
0.0,-1.208076677,-0.182383566,2,1612
6.3364472446,-0.712264696,0.1168372103,2,1613
6.9618490671,-0.825955566,-1.317787892,2,1615
0.0,-0.935246912,-1.760267548,2,1616
5.0906129098,-0.593537931,-1.139727906,2,1618
6.4759149928,-0.358936433,1.4580321037,2,1625
8.4548721201,0.7149609516,-0.963931241,2,1626
0.0,-0.930214971,-1.228025976,2,1632
9.6506465933,-0.826461074,-1.458864971,2,1633
7.810516861,-0.928516177,-0.254811548,2,1634
0.0,-0.452958098,-0.899947119,2,1635
7.8837618158,-0.400449704,0.4008432018,2,1636
1.2979259144,-0.474993362,0.035276968,2,1637
0.0,-0.711577583,-1.703093341,2,1638
4.5999218013,-0.200277798,0.9268073463,2,1641
8.9670014347,-0.158831088,-0.034023965,2,1648
8.867606633,1.0989165375,-0.613486941,2,1656
0.0,0.1935442436,-1.146046736,2,1659
0.0,-0.148149481,0.1433410984,2,1663
3.3630119135,0.2554761773,0.493619293,2,1667
3.4472060395,0.3094250296,0.0506165877,2,1687
6.140997298,0.7935626694,-1.011320834,2,1692
7.4398119216,-0.532450615,-0.015709994,2,1693
8.4785281275,1.5450562704,-0.167473057,2,1694
2.8750503134,0.9248538161,-0.614973841,2,1698
2.4657872026,-0.136764325,0.3804700524,2,1700
2.3142523229,0.5859078366,0.0029048144,2,1701
11.100750411,-0.222655476,-0.405782925,2,1709
5.8041673922,-0.544688778,-0.486760908,2,1710
4.0563837339,-0.063579996,0.3262337886,2,1711
5.9331587289,-0.511645041,-0.065109784,2,1712
3.343229292,-0.759814532,0.4035006647,2,1713
3.4640672306,-0.95144627,0.6339203031,2,1714
9.4201874617,-0.578845784,-0.993099226,2,1718
0.0,-0.380232861,-1.102348082,2,1719
0.0,-0.213889648,-1.723545371,2,1720
0.0,-0.341936928,-0.810205323,2,1721
4.8976393378,-0.423658261,-1.264567276,2,1724
7.5214832365,-0.789164548,-0.609314558,2,1725
0.0,-0.942954306,-1.348517974,2,1727
2.1385342486,0.0529626265,-0.20540951,2,1730
5.4626898285,-0.098956767,-0.057522349,2,1741
5.3060249914,1.0508955185,0.2918269496,2,1743
6.5116884808,1.0810377722,-0.696265862,2,1751
10.169245297,1.6267930615,-0.04931599,2,1753
8.0269706213,1.2277999202,-0.479101576,2,1757
6.5145518803,-0.261944373,-0.106006819,2,1758
9.4464386926,-0.817697826,-0.316866646,2,1759
16.748314701,0.915935088,-0.852343772,2,1761
11.172934683,0.6260719686,-0.296968348,2,1763
5.568083744,0.4369260476,-0.04796375,2,1769
9.1766692361,1.0695894963,0.3453988094,2,1775
2.8802672888,-0.675096685,-0.583106817,2,1781
2.1535015936,-1.157202865,0.450650304,2,1783
5.9566356922,-0.362098725,-1.280529216,2,1787
7.9592486469,-0.825753133,0.5250515949,2,1788
4.3544524276,-0.360865375,-0.284784235,2,1795
8.2659144685,-0.142222629,0.2055626294,2,1810
0.0,-0.317492215,-0.87096462,2,1812
4.8506014746,0.875486203,-0.118262149,2,1822
0.0,-0.301787453,0.1415161966,2,1825
13.366750209,0.4327287314,-0.632374052,2,1826
4.564021816,0.782304609,-0.350019747,2,1827
1.9801195992,0.4263223413,-0.273047332,2,1828
4.2672128699,-0.529217582,0.7585868539,2,1829
11.764013882,0.764888379,-0.523742834,2,1830
0.0,0.188217474,-0.289550003,2,1831
2.5575120523,0.1354670797,0.0827749305,2,1832
11.829046898,-0.389590897,2.1907978139,2,1838
20.010405411,2.1070543103,0.0918790895,2,1840
5.8618365134,0.2045304182,-0.638285382,2,1855
7.5895567699,0.2835566221,0.2057232334,2,1859
3.6139571023,0.7288594122,-0.171165358,2,1861
0.0,0.4876806275,-0.55767058,2,1863
3.7372200422,-0.307875259,0.661785243,2,1866
4.9754214182,-0.139672388,0.9020603812,2,1871
8.6907400165,0.8502534539,0.1194661173,2,1882
11.296371605,-0.523111285,0.5229387611,2,1883
3.5890533872,1.0030875458,-0.15913514,2,1885
9.3982754165,-0.68744603,-0.503577622,2,1886
8.6802326302,-0.069996584,0.0235144599,2,1887
6.3794327089,-0.665962654,0.4399317597,2,1888
14.877631481,0.168318093,-0.54796107,2,1889
0.0,0.1436504541,-1.172929888,2,1890
8.5954959601,0.8848046964,-0.910478871,2,1895
18.83877774,1.3348580883,-0.746160466,2,1896
11.084016848,1.257739881,-0.699789556,2,1898
13.89178301,0.4110447353,-1.368119637,2,1917
11.761345498,1.4809955879,0.5410578802,2,1921
6.3252107086,0.2687459613,0.660466966,2,1924
6.265428618,-0.269042968,-0.067696241,2,1931
4.4227728574,-0.12179028,0.1001072639,2,1932
18.479164742,1.2852730825,-0.078566568,2,1935
11.453213622,0.7073328634,0.6579571765,2,1939
15.31823636,0.6242563354,0.3199548869,2,1940
12.822978778,0.0670090636,-0.090255309,2,1955
12.477851813,0.3399259493,-0.46678423,2,1960
4.5336053497,-0.05380604,-0.346574594,2,1963
5.7395396889,0.4946463988,-0.257774842,2,1964
9.0353825581,-0.054313393,0.3296085458,2,1966
1.7084817577,0.0765547695,0.2638968869,2,1970
7.0856656983,-1.267555346,0.500870159,2,1971
14.88165859,-0.140874576,2.257901814,2,1972
5.9140102904,0.3870743296,-0.212051875,2,1974
7.3986386505,1.0590576704,0.0213867932,2,1976
20.973782772,1.0533634367,-0.5594986,2,1983
15.176645311,0.5141920804,0.1535999074,2,1984
2.1419697554,0.8716074218,-0.300315253,2,1998
20.492908375,0.479998029,-0.053580982,2,2000
5.2457296482,0.326480812,0.3776118569,2,2003
5.196694902,0.0423687547,-0.281507033,2,2008
9.6632362178,-0.570892542,-0.55833376,2,2014
12.068767839,-0.202231491,0.5313661449,2,2015
3.0275507115,0.7607916297,-0.5350065,2,2016
6.8358540545,0.4260004463,-0.113035862,2,2018
10.919812179,0.4549283356,0.0915258631,2,2022
5.9541321677,0.1097006215,1.0520694822,2,2023
11.418877035,0.9088316543,-0.115052181,2,2024
11.881423395,2.2223579458,-0.533581119,2,2025
18.182185499,2.1317633542,0.5398588094,2,2026
3.3095048981,0.7600374903,-0.172088208,2,2029
4.0952053336,0.5074755558,0.0773602414,2,2035
4.2551167779,-0.978026575,1.2996171639,2,2038
5.9086688613,-0.049605639,0.1739049191,2,2040
4.32975407,-0.285698026,0.4652878946,2,2041
4.928293332,-0.653426204,-0.097703891,2,2044
10.693251736,0.3169423602,0.1522793729,2,2048
5.8733701398,0.3369439087,-0.37991191,2,2050
13.948946855,0.8273280133,-0.457265442,2,2051
8.6417352604,2.7265728182,0.1759491279,2,2074
7.8672016364,1.0624719069,-0.622115632,2,2075
0.0,0.8110771379,-0.898315879,2,2076
9.1751536838,-0.22568435,-0.825317231,2,2077
6.8834968164,0.8226944108,-0.777378924,2,2078
9.8619329389,1.1043088605,-0.64093488,2,2079
10.622477162,0.232585792,0.1901128758,2,2081
0.0,1.2423493341,-0.697299924,2,2082
7.3762631851,1.4822760698,-1.161927897,2,2088
17.1259856,0.3247669426,1.8592818436,2,2089
4.7442831388,2.6382604534,-0.379557839,2,2092
10.225576211,0.1793208648,0.1775721079,2,2111
6.4354205547,3.7959863794,-0.302651278,2,2114
4.7865211564,-0.113005626,0.0220161121,2,2120
8.1513390142,-0.986948436,0.5289602202,2,2121
9.7816034716,0.2440393375,0.9430297241,2,2123
12.078886107,0.5584797975,0.0827670547,2,2124
8.9795031027,0.2166535463,0.7668036901,2,2136
5.5178502455,1.1167269204,-0.940922638,2,2138
0.0,0.7520069921,-0.889064267,2,2140
5.8799317928,0.7313334859,-0.354987762,2,2147
16.988023443,1.3522265919,-0.786353361,2,2150
18.303524736,1.1619664638,-0.6071799,2,2151
13.051122013,-0.530667617,0.3165366344,2,2152
16.296637141,3.379894017,0.2393051473,2,2155
0.0,-0.152593382,-0.363164606,2,2156
13.443028445,1.0976464059,-0.600762572,2,2157
17.924853499,0.9706658879,-0.151086203,2,2171
16.093729883,1.6593833146,-0.617282648,2,2184
12.229610946,0.155795314,0.3416338749,2,2185
13.671899275,0.0958120529,0.0863859266,2,2186
23.973518483,1.1147877761,-0.055416723,2,2187
9.085127646,0.1600031778,-0.875783625,2,2188
10.250102501,-0.264449058,-0.448512945,2,2190
23.14865848,1.3338105671,0.8525303211,2,2191
2.476657503,0.3517290208,-0.391298133,2,2205
6.4269417398,0.3637305752,-0.594415409,2,2206
12.861184944,0.4481366734,-0.127934776,2,2208
4.0734856817,0.6073316555,-0.849161111,2,2223
4.741583689,0.042767099,-0.351787986,2,2230
9.4786729858,0.6616086505,-0.425454989,2,2235
12.466651707,1.6801034726,-0.389731853,2,2236
9.8247912232,0.5537839971,0.0542441258,2,2241
23.251758414,1.4473267157,-0.306825433,2,2242
19.020446981,0.8502730707,-0.620590734,2,2244
18.556005398,2.1977655079,-0.199256357,2,2247
13.388673182,0.132043918,-0.786081684,2,2257
0.0,0.075379353,-0.79523174,2,2258
15.513715535,0.7110062699,-0.05937182,2,2264
9.0114445346,1.324899416,-0.557317571,2,2276
16.724006116,0.7591019526,-0.330181215,2,2281
13.097148096,1.2154241667,0.1212208176,2,2302
5.4833580084,1.2078102194,-0.998553169,2,2307
9.3057882003,0.850392338,-0.306125221,2,2309
14.489603709,1.4003348725,-0.416240733,2,2318
11.474165475,0.8068923591,0.3327527633,2,2331
9.3669795238,3.6561574509,-0.229484452,2,2334
29.374326838,1.9887832242,-0.557856021,2,2349
17.514887655,1.3215296852,0.0088206621,2,2356
15.072725902,0.7731436709,-0.058792342,2,2365
14.411298458,1.033656903,0.3404362787,2,2374
0.0,0.0406020377,-0.763156387,3,877
0.0,0.4423927721,-1.030229291,3,878
0.0,0.3802017421,-1.007649488,3,879
0.0,0.202809838,-1.047264573,3,883
0.0,0.0960399655,-0.794361588,3,884
3.0709229659,-0.16752361,-0.19839961,3,887
0.0,0.1549610149,-1.222904142,3,888
0.0,-0.01355866,-0.796963396,3,890
0.0,-0.115541029,-1.347764939,3,892
0.0,-0.250859855,-0.821161902,3,923
10.538518284,0.356282767,-0.966726792,3,924
1.3562816183,0.210284919,0.0278211959,3,929
0.0,0.2448914172,-1.127153525,3,943
5.5242514639,-0.127285028,-0.889830291,3,951
0.0,0.3870268802,-0.480816773,3,954
0.0,-0.153509743,-0.548487936,3,956
4.2381860564,0.0394197035,-0.769908914,3,975
0.0,-0.58781367,-0.250252954,3,979
3.3443697535,-0.43853221,-0.510985136,3,989
0.0,-0.109302899,-0.413595977,3,990
0.0,-0.029147558,-0.400613187,3,992
0.0,-0.83429718,-1.105855274,3,998
0.0,-0.658053119,-1.036991393,3,999
0.0,-0.80797578,-1.560022145,3,1000
10.278548669,-0.504284538,-1.578680607,3,1001
0.0,-0.37202771,-1.385676738,3,1002
0.0,-0.834441928,-0.980392873,3,1003
0.0,-0.337534722,-0.628200992,3,1004
0.0,-0.487395532,-1.22287337,3,1006
0.0,-0.194347392,-1.352260869,3,1007
0.0,-0.584018049,-0.991827361,3,1008
3.1910141043,-0.460149922,-0.647289068,3,1010
2.8477858465,-0.609948632,-0.640430011,3,1011
2.9954469207,-0.163045769,-0.528895909,3,1012
11.421783626,-0.266912842,-0.31811169,3,1015
4.8016901949,-0.224186402,-0.817619428,3,1017
0.0,0.0051344551,0.1942279558,3,1019
2.0060261024,0.0556691232,0.9855080359,3,1042
0.0,-0.032228648,-0.636377136,3,1052
2.0086371397,-0.655126009,-0.149755403,3,1056
0.0,-0.455415419,-0.752107658,3,1073
3.9326726443,-0.471665086,-0.658039023,3,1078
7.3227885179,-0.440863763,-0.709246391,3,1079
3.0239801627,-0.74367588,-0.608108341,3,1082
11.811953697,0.0194577855,-0.145916905,3,1083
0.0,-0.799575234,-0.549432035,3,1084
0.0,-0.093906943,-0.616213217,3,1093
1.3678019423,-0.066086099,0.0740880091,3,1095
0.0,-0.022588211,-0.328696029,3,1098
0.0,-0.088102772,-1.058282867,3,1104
0.0,-0.513442734,-0.940784129,3,1105
0.0,-0.551972776,-1.581895723,3,1106
0.0,-0.539915149,-0.704060031,3,1107
1.4894472661,-0.171394707,0.7089510819,3,1111
5.5196776508,-0.304806315,-1.098912871,3,1113
0.0,-0.422405092,-1.251562064,3,1115
0.0,-0.98542453,-0.394492117,3,1116
0.0,-0.617811807,-1.476009545,3,1117
0.0,-0.91991739,-0.89899975,3,1118
4.0322348374,-1.478123343,0.7239613051,3,1122
3.0343027931,-0.883374561,-0.051709374,3,1125
4.3456249335,-1.251226309,1.4256783218,3,1137
2.0957770093,-1.092964687,-0.258715695,3,1142
6.731809873,-1.006024049,0.7674270528,3,1143
2.8341056271,-0.052838128,-0.094533882,3,1145
4.2374676893,-0.258172249,-0.064737533,3,1159
0.0,-0.364191062,-0.5649944,3,1160
0.0,-0.957597566,-1.080703437,3,1170
3.2147105153,-0.611908208,0.1597986659,3,1174
4.4492298383,-0.310735574,1.0322115379,3,1183
20.213760517,0.1279864597,2.2834257507,3,1186
4.6148876275,-0.831697682,0.1074953447,3,1188
13.13499491,0.3426421878,0.3030553442,3,1190
8.2828082033,-0.605702642,1.3545570467,3,1191
36.499680628,-0.5960436,-1.383179709,3,1193
0.0,-1.394057535,-1.001769364,3,1195
23.457803732,0.6872124173,1.7724165036,3,1199
5.8711287245,-0.438139306,-0.49625325,3,1208
0.0,-0.578651107,-1.630875721,3,1211
0.0,-0.328128572,-1.443221701,3,1212
0.0,-0.389310636,-0.08035345,3,1213
0.0,-0.846949802,-1.597098097,3,1214
0.0,-0.288929864,-1.947833643,3,1216
4.2544139545,-0.385604126,-0.91519484,3,1217
5.2748180188,-0.653169254,-0.282798029,3,1218
3.0479441617,-0.756703083,0.1049354892,3,1231
4.0750792603,-0.544522883,0.9396449419,3,1232
8.9877541849,-0.477946533,-0.32432791,3,1234
2.8164729872,-1.753192063,1.9543745595,3,1238
0.0,-0.949285965,-0.045262244,3,1249
2.6615689793,-1.653153725,1.5437785475,3,1252
1.3522376152,-0.475438242,0.4394498015,3,1253
5.6438186077,-0.291136084,0.2239534274,3,1258
2.3521663452,-0.41892954,0.2897164911,3,1259
8.1314034802,-0.723170548,-0.357901103,3,1265
7.0120415878,-1.05661997,2.6549783465,3,1272
0.0,-0.439089582,-1.0031154,3,1275
0.0,-0.820705215,-0.375359928,3,1276
5.0612410163,-0.396384454,-0.968974642,3,1277
4.1792042795,-1.064965288,0.6293935022,3,1286
43.947548643,2.4059458703,2.6864651129,3,1292
1.4204949004,-1.136503618,-0.009679745,3,1302
1.5728463801,-0.950587509,0.8126502217,3,1303
1.9194594802,-0.499313196,0.1403201247,3,1305
1.515564851,-0.729566492,-0.053443534,3,1306
7.1397972298,-0.742797761,-0.33763857,3,1309
5.5472347035,-1.20197924,-0.494290843,3,1310
2.4812972222,-1.021752496,0.7043199344,3,1313
0.0,-1.004156709,-1.12336339,3,1317
0.0,-0.11078899,-0.308145889,3,1318
0.0,-0.71761958,-1.579912556,3,1319
0.0,-0.789708034,-1.684060622,3,1320
0.0,-0.907913603,-1.442772888,3,1321
0.0,-0.969028364,-1.914514948,3,1322
0.0,-0.626921406,-1.347531902,3,1324
2.2689628571,-0.653359161,0.007342355,3,1325
0.0,-1.215893522,-0.047034708,3,1337
0.0,-0.871906587,-0.587090645,3,1340
4.9890241469,0.1621096847,-0.183288446,3,1348
2.4051759386,0.1438157564,-0.44317567,3,1352
0.0,0.044898591,-1.540702952,3,1359
12.566760917,-0.48323501,-0.639702942,3,1360
4.6679892636,-1.190465906,1.3414837409,3,1369
4.4370493622,-0.21329845,-0.445706158,3,1375
0.0,-0.860469179,-0.757402867,3,1382
3.2206119163,-0.101211788,-0.106034113,3,1383
8.076892012,-0.341430059,-0.75358452,3,1390
0.0,-0.557567214,-0.784372948,3,1391
0.0,-0.609499338,-0.889529647,3,1399
4.1792042795,-0.14022144,-0.73712721,3,1406
2.4246832757,-0.269782993,0.0604609984,3,1413
0.0,-0.668261822,-1.785618982,3,1420
0.0,-0.990279079,-1.376052765,3,1421
8.0637032557,-0.757726591,-0.029896532,3,1424
0.0,-0.478400772,-1.145031783,3,1425
0.0,-1.182725274,-1.803197557,3,1426
0.0,0.3625287387,-0.775768407,3,1432
5.2156678663,-0.265103324,-0.232203178,3,1434
1.6355904482,0.8313870611,-0.196777659,3,1436
1.0742984831,-1.158250514,0.2074812438,3,1443
1.6028466557,-0.588732506,0.4262152004,3,1444
4.2479079054,-0.309068954,-0.995336982,3,1445
1.8913602663,0.1517437513,0.2259203139,3,1448
10.392633701,-0.842255717,-0.232055006,3,1457
3.954132068,-1.153948519,0.2376622018,3,1464
3.4080375157,0.0665308513,0.5846237683,3,1465
0.0,-0.555270821,-1.311586145,3,1467
0.0,-0.028244262,-0.705896987,3,1468
7.0024333456,0.1477499448,-0.274250502,3,1471
8.0984774862,-0.556076811,-1.183641076,3,1474
2.2771781209,-0.226000137,-0.296440039,3,1475
0.0,0.0701768318,-0.356610959,3,1476
0.8069657282,-0.071161659,0.4033761279,3,1480
0.0,-0.778917997,-1.17065964,3,1487
6.0687713166,-0.634396151,-0.106031032,3,1506
6.5236096867,-0.530684947,1.8067710283,3,1507
4.0044850232,-0.740978234,-0.187683266,3,1510
5.271759186,0.4097514329,-0.42254397,3,1513
0.0,0.0879648107,-0.412479564,3,1516
9.8190833886,-0.15796177,0.0017809694,3,1518
0.0,0.0395965583,-0.092353252,3,1527
0.0,-0.604865036,-0.70605636,3,1528
14.596409283,0.7779485815,-0.472252703,3,1536
3.1077133445,0.5926021194,-0.543641505,3,1543
0.0,-0.644672352,-1.679488375,3,1546
0.0,-1.122554173,-1.269607326,3,1547
0.0,-0.745156133,-0.840226554,3,1548
0.0,-0.717942104,-1.383395522,3,1550
3.2397058347,-0.123721897,-0.585598711,3,1551
3.9135113981,-0.427647575,-0.23129839,3,1552
0.0,-0.629550597,-0.867783479,3,1554
0.0,-0.032396865,0.2727691678,3,1563
2.9467232438,-0.349629823,-0.530397017,3,1566
2.9957161259,0.3139616232,-0.484506333,3,1567
1.5521201962,0.4247859494,-0.30081466,3,1580
15.012760847,0.4091222638,-1.001142605,3,1583
0.0,-0.213969246,-1.41532696,3,1584
6.2780550585,-0.070779897,-0.588665089,3,1585
2.1633432306,-0.38852676,0.6656867271,3,1586
0.0,-0.184883079,-0.761451396,3,1589
5.613326036,-0.041789517,-0.010259428,3,1607
7.9563989338,0.5623573906,-0.299360993,3,1608
1.2899397598,-1.136192272,-0.172102573,3,1612
4.5148765181,-0.608930465,0.0931754362,3,1613
0.0,-0.975726479,-1.376466469,3,1615
0.0,-1.00737498,-1.769783367,3,1616
0.0,-0.697645099,-1.196615739,3,1618
3.8470971248,-0.332108914,1.4682027891,3,1625
0.0,0.675423453,-0.975846428,3,1626
6.6032752245,-0.844504269,-1.160468123,3,1632
9.5785440613,-0.496384337,-1.422076343,3,1633
12.449092105,-0.238113905,-0.200229421,3,1634
0.0,-0.606222514,-0.950174521,3,1635
8.5875240451,-0.180370326,0.3068888384,3,1636
0.0,-0.265180035,-0.040691367,3,1637
0.0,-0.16030193,-1.732885471,3,1638
2.9477330091,-0.066177699,0.902335144,3,1641
4.6785814541,0.323428646,-0.080817432,3,1648
11.551012157,1.1887509053,-0.595534259,3,1656
0.0,0.1839046171,-1.215321898,3,1659
2.2048771883,-0.243616487,0.1483160091,3,1663
6.7723147772,0.4328107524,0.4538235197,3,1667
8.0752148584,0.4098152362,0.0205282798,3,1687
6.0441220913,0.8270905659,-0.983073251,3,1692
3.0633500796,-0.745969253,0.2292051697,3,1693
6.924248719,1.8841847842,-0.242780348,3,1694
8.42034355,0.516709257,-0.597387874,3,1698
2.2499718754,-0.3282988,0.4112261312,3,1700
6.3599071454,0.7038384919,0.0430245878,3,1701
9.4535829079,-0.015488547,-0.455171415,3,1709
0.0,0.151079263,-0.601106354,3,1710
9.8164327084,0.2819998476,0.2400522778,3,1711
8.0041621643,-0.029333474,-0.044331648,3,1712
5.549081627,-0.437431844,0.3431996577,3,1713
9.015381628,-0.468696548,0.5966504599,3,1714
0.0,-0.097686083,-1.048567017,3,1718
0.0,-0.342289952,-1.178858527,3,1719
0.0,-0.043366813,-1.754552154,3,1720
0.0,-0.208087425,-0.930168543,3,1721
0.0,-1.100520875,-1.329689239,3,1724
4.0603366019,-0.409436187,-0.664328877,3,1725
0.0,-0.750420758,-1.426753478,3,1727
3.4944263899,-0.33722577,-0.084453052,3,1730
2.4201062427,-0.1617232,0.0062657835,3,1741
6.019175373,1.0811756297,0.2809872968,3,1743
7.0397747272,1.0686298857,-0.746749996,3,1751
6.371049949,1.2999885311,-0.141725176,3,1753
8.1280988377,1.2704411981,-0.490015809,3,1757
11.736630022,-0.303190136,0.0207234133,3,1758
3.5132096684,-0.538050778,-0.404406121,3,1759
0.0,0.3054858595,-0.795782122,3,1761
5.9038847562,0.2386490209,-0.216603601,3,1763
3.5625222658,0.2068740065,0.0356420995,3,1769
7.0467906902,1.3826430066,0.2493533842,3,1775
9.0538705297,-0.296797958,-0.613930271,3,1781
5.437737901,-0.744238615,0.5387465673,3,1783
0.0,-0.191003512,-1.40951696,3,1787
5.2877412532,-0.186739774,0.4141269355,3,1788
4.2803638309,-0.007238618,-0.292715993,3,1795
5.9941257568,0.1793452479,0.1955394471,3,1810
0.0,-0.480258281,-0.920910562,3,1812
7.3636346901,0.4003867819,-0.224261031,3,1822
5.3442784155,-0.047790834,0.2022468336,3,1825
0.0,0.7614966576,-0.626803762,3,1826
0.0,0.2079939143,-0.381027397,3,1827
4.0262511575,0.261014021,-0.293161221,3,1828
5.4701415741,-0.83009922,0.8662617353,3,1829
8.3326389468,0.0838554644,-0.490808818,3,1830
7.1477073729,-0.11241469,-0.200643504,3,1831
3.5339435276,-0.241347905,0.1135491264,3,1832
9.8673993707,-0.086383633,2.1414434543,3,1838
24.329790308,2.2680218115,-0.007131223,3,1840
5.7382222987,0.1265497898,-0.6214688,3,1855
5.240430973,0.0744496686,0.2028513639,3,1859
0.0,0.6690483601,-0.222292255,3,1861
0.0,0.0719237302,-0.519763635,3,1863
2.709718677,-0.008255755,0.6095430533,3,1866
7.054113871,-0.311206935,0.9338887708,3,1871
4.8949063604,1.1997091688,0.1664359672,3,1882
10.94421188,-0.205958278,0.4967053217,3,1883
9.047644898,0.9456052476,-0.178628345,3,1885
0.0,-0.647554431,-0.555772098,3,1886
2.2979789275,0.2017855291,0.0570563401,3,1887
4.8729890219,-0.628194935,0.4976178697,3,1888
14.530659692,0.3041294391,-0.66373983,3,1889
6.0049240377,-0.005565759,-1.195931766,3,1890
0.0,0.6235408034,-0.9072963,3,1895
12.753475322,0.8057466033,-0.824212856,3,1896
13.640238704,0.3697854036,-0.639259744,3,1898
0.0,-0.010684786,-1.442659198,3,1917
16.224829784,1.3972881778,0.4764168928,3,1921
10.634800936,0.175922882,0.6784239846,3,1924
6.8455640745,-0.061300835,-0.018990526,3,1931
8.5492006497,0.0335740791,0.0996713688,3,1932
10.557432432,1.2126409616,-0.18973618,3,1935
14.689033168,0.7751619246,0.6260303602,3,1939
9.1349228099,0.8602988589,0.23889806,3,1940
4.9571823376,-0.030848385,-0.086150805,3,1955
14.277555682,0.1970277048,-0.43839908,3,1960
0.0,0.2443114263,-0.34570419,3,1963
9.1469549787,0.3025466599,-0.231146005,3,1964
7.0599863507,-0.050151563,0.3960321614,3,1966
5.8118838495,-0.134234467,0.3503962143,3,1970
4.0317703504,-1.148889901,0.6561215977,3,1971
11.229502683,0.2097891189,2.1941660413,3,1972
1.717239366,0.0486308897,-0.129121575,3,1974
9.4604822143,0.9324492958,-0.062286602,3,1976
5.7715060745,1.3774660584,-0.531793964,3,1983
12.809901068,0.6324816246,0.1966403672,3,1984
9.9330512347,0.6909660765,-0.267791166,3,1998
4.5121263395,1.0008436386,-0.103311063,3,2000
4.8772160851,0.1966192655,0.3957080923,3,2003
0.0,0.6696562455,-0.307815555,3,2008
0.0,0.3555784971,-0.690378487,3,2014
7.9419105968,0.1104070666,0.5333309639,3,2015
3.0469226082,0.9213676155,-0.544405976,3,2016
3.4811062956,0.113450059,-0.140359205,3,2018
13.117162495,0.839851226,0.0165775145,3,2022
5.6899956488,-0.220772029,1.0261559075,3,2023
6.9354139575,1.3245772011,-0.170339852,3,2024
10.504201681,2.2551188045,-0.647028995,3,2025
28.034201726,1.6791752891,0.5011603801,3,2026
3.2430153557,-0.031011032,-0.168944948,3,2029
8.4739234265,0.5882333111,0.0947250469,3,2035
5.3561966413,-0.845732913,1.4181598489,3,2038
7.1861451122,0.2029411747,0.186624521,3,2040
8.8880000889,-0.38761483,0.6109874573,3,2041
4.3869269577,-0.434094318,-0.026031568,3,2044
5.749817238,0.3930643224,0.1120475948,3,2048
1.8769825628,0.1155368158,-0.35727543,3,2050
2.5595740869,0.9780403211,-0.529720717,3,2051
18.715420337,2.7963318819,0.0961285783,3,2074
5.8752680591,1.0706815431,-0.699715309,3,2075
5.0820755196,0.6031093012,-0.935626913,3,2076
0.0,-0.005327144,-0.751531437,3,2077
6.5327453862,0.4054866247,-0.733388759,3,2078
10.506408909,0.7394685497,-0.678095176,3,2079
7.6398084955,-0.197068752,0.2602443928,3,2081
6.4518210265,0.6172781618,-0.656286784,3,2082
0.0,1.7131190417,-1.26386031,3,2088
20.30543957,0.3143726436,1.7895979346,3,2089
20.588840848,2.5174690874,-0.535717218,3,2092
2.9309182567,0.6622516755,0.1815634322,3,2111
15.322148165,3.7738756166,-0.43408645,3,2114
15.034767901,0.2826880123,-0.030258213,3,2120
4.6741348955,-0.952169354,0.6219257577,3,2121
8.0727624993,0.3287753982,0.8840265744,3,2123
8.1119918417,0.35483057,0.0269428238,3,2124
10.89962805,0.2880046001,0.7372411123,3,2136
0.0,0.9808168162,-0.956822985,3,2138
0.0,0.3171022118,-0.874694642,3,2140
5.7646855364,0.0374359815,-0.34917237,3,2147
3.031129702,1.1203203348,-0.824244422,3,2150
7.825950853,1.3935258964,-0.604840001,3,2151
0.7880406944,-0.100643983,0.2686673177,3,2152
30.052939409,3.4247414015,0.0760263886,3,2155
13.840447323,0.1981864884,-0.374018943,3,2156
12.840267078,0.4558516401,-0.713404404,3,2157
4.6182976955,0.8692042902,-0.238682428,3,2171
6.6454013822,1.0534207544,-0.640557508,3,2184
13.979822456,0.4278888801,0.2989541093,3,2185
12.764056417,0.4373912162,0.0446865795,3,2186
17.946340442,1.4537643856,-0.135712264,3,2187
10.023555355,0.1306737291,-0.924513346,3,2188
9.559315553,-0.404825692,-0.403278788,3,2190
14.817067702,1.4402236086,0.758764566,3,2191
22.109219545,0.4025203572,-0.399273169,3,2205
6.6098221958,0.0891481926,-0.61546549,3,2206
4.6648318328,0.8531718166,-0.203110245,3,2208
14.265335235,0.4411174369,-0.943967744,3,2223
2.4443303757,0.048978681,-0.382686047,3,2230
15.390771693,0.701678223,-0.410013014,3,2235
9.7394691989,1.2731590166,-0.378373553,3,2236
9.348998099,0.8221635855,0.0637784602,3,2241
15.248551388,1.998540288,-0.403451743,3,2242
13.868663754,1.0829559792,-0.681560105,3,2244
17.859268961,2.5242996693,-0.334363857,3,2247
8.1729393977,-0.06979091,-0.713787934,3,2257
4.2839395108,0.2328279727,-0.794386575,3,2258
9.2502659451,1.1895067709,-0.142018447,3,2264
0.0,1.1089106731,-0.623283339,3,2276
9.5469950833,0.5214238712,-0.347143028,3,2281
8.7220078062,0.6997254498,0.0990660934,3,2302
17.16443529,0.2571123254,-1.013026133,3,2307
13.433895638,1.2593739242,-0.336393413,3,2309
25.438819639,1.2953808302,-0.530289785,3,2318
14.731241497,1.1636668984,0.3112700423,3,2331
10.606928446,3.5328695256,-0.325994846,3,2334
13.82695565,2.2771873964,-0.603387819,3,2349
14.272183514,1.4571194865,-0.037243196,3,2356
16.448044739,0.9136108866,-0.134813449,3,2365
19.977596552,1.0074141754,0.2840246153,3,2374
